regime,bars,pct
unknown,30994,0.448415
range,13911,0.201262
breakout_watch,8360,0.120951
trend_down,8197,0.118593
trend_up,7342,0.106223
high_volatility,315,0.004557
